{"cameraMode":{"drawMode":0,"name":"Shaded","section":"Shading Mode"},"sceneLighting":false,"audioPlay":false,"sceneViewState":{"showFog":true,"showMaterialUpdate":true,"showSkybox":false,"showFlares":true,"showImageEffects":true,"showParticleSystems":true},"in2DMode":false,"pivot":{"x":-530.0504150390625,"y":-1129.10205078125,"z":12.744000434875489},"rotation":{"x":-0.41486379504203799,"y":0.008443119004368782,"z":-0.0038512498140335085,"w":-0.9098362326622009},"size":0.33491918444633486,"orthographic":false}