{"cameraMode":{"drawMode":0,"name":"Shaded","section":"Shading Mode"},"sceneLighting":true,"audioPlay":false,"sceneViewState":{"showFog":true,"showMaterialUpdate":true,"showSkybox":true,"showFlares":true,"showImageEffects":true,"showParticleSystems":true},"in2DMode":false,"pivot":{"x":4.328321933746338,"y":0.039060480892658237,"z":4.46871280670166},"rotation":{"x":-0.1695047914981842,"y":0.769733190536499,"z":-0.22828252613544465,"w":-0.5715470314025879},"size":1.4334523677825928,"orthographic":false}